TIMESTAMP	DEVICE_ID	DEVICE_TYPE	ROOM_NAME	EVENT_TYPE	DESCRIPTION
2025-05-25 21:41:03	8a21dbf1-7fb9-4b0d-bb4b-d65264e61ef4	gniazdko	test	DEVICE_ADDED	New Device has been added.
2025-05-25 21:41:17	ce14391f-0e2f-41b6-92f6-c813bf51a7a5	odkurzacz	test	DEVICE_ADDED	New Device has been added.
2025-05-25 21:41:22	8a21dbf1-7fb9-4b0d-bb4b-d65264e61ef4	gniazdko	test	STATUS_CHANGE	Turned OFF
2025-05-25 21:41:22	ce14391f-0e2f-41b6-92f6-c813bf51a7a5	odkurzacz	test	STATUS_CHANGE	Turned OFF
2025-05-25 21:41:26	8a21dbf1-7fb9-4b0d-bb4b-d65264e61ef4	gniazdko	test	STATUS_CHANGE	Turned ON
2025-05-25 21:41:26	ce14391f-0e2f-41b6-92f6-c813bf51a7a5	odkurzacz	test	STATUS_CHANGE	Turned ON
2025-05-25 23:01:28	3e68f18c-39a8-441d-a321-07c68d7d8d9c	test	test	DEVICE_ADDED	New Device has been added.
2025-06-17 22:51:01	e6055d9a-4650-4cb1-8b6b-4e8879f43db9	lampka	test	DEVICE_ADDED	New Device has been added.
2025-06-17 23:36:59	40052c06-43cf-4ed9-be0d-990a24547e06	lampka	test	DEVICE_ADDED	New Device has been added.
2025-06-17 23:37:05	40052c06-43cf-4ed9-be0d-990a24547e06	lampka	test	SIMULATION_STATUS	lampka simulation started.
2025-06-17 23:37:05	40052c06-43cf-4ed9-be0d-990a24547e06	lampka	test	SIMULATION_STATUS	Simulation started
2025-06-17 23:37:05	40052c06-43cf-4ed9-be0d-990a24547e06	lampka	test	SIMULATION_ACTION	*LightBulb is glowing*
2025-06-17 23:37:11	40052c06-43cf-4ed9-be0d-990a24547e06	lampka	test	SIMULATION_STATUS	lampka simulation stopped.
2025-06-17 23:37:11	40052c06-43cf-4ed9-be0d-990a24547e06	lampka	test	SIMULATION_STATUS	lampka simulation interrupted.
2025-06-17 23:37:11	40052c06-43cf-4ed9-be0d-990a24547e06	lampka	test	SIMULATION_STATUS	Simulation stopped
2025-06-17 23:37:11	40052c06-43cf-4ed9-be0d-990a24547e06	lampka	test	SIMULATION_STATUS	lampka simulation stopped.
2025-06-17 23:37:17	40052c06-43cf-4ed9-be0d-990a24547e06	lampka	test	STATUS_CHANGE	Saturation set to 0.01
2025-06-17 23:37:17	40052c06-43cf-4ed9-be0d-990a24547e06	lampka	test	STATUS_CHANGE	Saturation set to 0.03
2025-06-17 23:37:17	40052c06-43cf-4ed9-be0d-990a24547e06	lampka	test	STATUS_CHANGE	Saturation set to 0.06
2025-06-17 23:37:17	40052c06-43cf-4ed9-be0d-990a24547e06	lampka	test	STATUS_CHANGE	Saturation set to 0.08
2025-06-17 23:37:17	40052c06-43cf-4ed9-be0d-990a24547e06	lampka	test	STATUS_CHANGE	Saturation set to 0.09
2025-06-17 23:37:17	40052c06-43cf-4ed9-be0d-990a24547e06	lampka	test	STATUS_CHANGE	Saturation set to 0.11
2025-06-17 23:37:17	40052c06-43cf-4ed9-be0d-990a24547e06	lampka	test	STATUS_CHANGE	Saturation set to 0.13
2025-06-17 23:37:17	40052c06-43cf-4ed9-be0d-990a24547e06	lampka	test	STATUS_CHANGE	Saturation set to 0.15
2025-06-17 23:37:17	40052c06-43cf-4ed9-be0d-990a24547e06	lampka	test	STATUS_CHANGE	Saturation set to 0.16
2025-06-17 23:37:17	40052c06-43cf-4ed9-be0d-990a24547e06	lampka	test	STATUS_CHANGE	Saturation set to 0.18
2025-06-17 23:37:17	40052c06-43cf-4ed9-be0d-990a24547e06	lampka	test	STATUS_CHANGE	Saturation set to 0.20
2025-06-17 23:37:17	40052c06-43cf-4ed9-be0d-990a24547e06	lampka	test	STATUS_CHANGE	Saturation set to 0.21
2025-06-17 23:37:17	40052c06-43cf-4ed9-be0d-990a24547e06	lampka	test	STATUS_CHANGE	Saturation set to 0.22
2025-06-17 23:37:17	40052c06-43cf-4ed9-be0d-990a24547e06	lampka	test	STATUS_CHANGE	Saturation set to 0.23
2025-06-17 23:37:17	40052c06-43cf-4ed9-be0d-990a24547e06	lampka	test	STATUS_CHANGE	Saturation set to 0.27
2025-06-17 23:37:17	40052c06-43cf-4ed9-be0d-990a24547e06	lampka	test	STATUS_CHANGE	Saturation set to 0.29
2025-06-17 23:37:17	40052c06-43cf-4ed9-be0d-990a24547e06	lampka	test	STATUS_CHANGE	Saturation set to 0.32
2025-06-17 23:37:17	40052c06-43cf-4ed9-be0d-990a24547e06	lampka	test	STATUS_CHANGE	Saturation set to 0.34
2025-06-17 23:37:17	40052c06-43cf-4ed9-be0d-990a24547e06	lampka	test	STATUS_CHANGE	Saturation set to 0.36
2025-06-17 23:37:17	40052c06-43cf-4ed9-be0d-990a24547e06	lampka	test	STATUS_CHANGE	Saturation set to 0.37
2025-06-17 23:37:17	40052c06-43cf-4ed9-be0d-990a24547e06	lampka	test	STATUS_CHANGE	Saturation set to 0.39
2025-06-17 23:37:17	40052c06-43cf-4ed9-be0d-990a24547e06	lampka	test	STATUS_CHANGE	Saturation set to 0.41
2025-06-17 23:37:17	40052c06-43cf-4ed9-be0d-990a24547e06	lampka	test	STATUS_CHANGE	Saturation set to 0.43
2025-06-17 23:37:17	40052c06-43cf-4ed9-be0d-990a24547e06	lampka	test	STATUS_CHANGE	Saturation set to 0.44
2025-06-17 23:37:17	40052c06-43cf-4ed9-be0d-990a24547e06	lampka	test	STATUS_CHANGE	Saturation set to 0.46
2025-06-17 23:37:17	40052c06-43cf-4ed9-be0d-990a24547e06	lampka	test	STATUS_CHANGE	Saturation set to 0.47
2025-06-17 23:37:17	40052c06-43cf-4ed9-be0d-990a24547e06	lampka	test	STATUS_CHANGE	Saturation set to 0.48
2025-06-17 23:37:17	40052c06-43cf-4ed9-be0d-990a24547e06	lampka	test	STATUS_CHANGE	Saturation set to 0.44
2025-06-17 23:37:17	40052c06-43cf-4ed9-be0d-990a24547e06	lampka	test	STATUS_CHANGE	Saturation set to 0.39
2025-06-17 23:37:17	40052c06-43cf-4ed9-be0d-990a24547e06	lampka	test	STATUS_CHANGE	Saturation set to 0.34
2025-06-17 23:37:17	40052c06-43cf-4ed9-be0d-990a24547e06	lampka	test	STATUS_CHANGE	Saturation set to 0.30
2025-06-17 23:37:17	40052c06-43cf-4ed9-be0d-990a24547e06	lampka	test	STATUS_CHANGE	Saturation set to 0.23
2025-06-17 23:37:17	40052c06-43cf-4ed9-be0d-990a24547e06	lampka	test	STATUS_CHANGE	Saturation set to 0.18
2025-06-17 23:37:17	40052c06-43cf-4ed9-be0d-990a24547e06	lampka	test	STATUS_CHANGE	Saturation set to 0.15
2025-06-17 23:37:17	40052c06-43cf-4ed9-be0d-990a24547e06	lampka	test	STATUS_CHANGE	Saturation set to 0.09
2025-06-17 23:37:17	40052c06-43cf-4ed9-be0d-990a24547e06	lampka	test	STATUS_CHANGE	Saturation set to 0.04
2025-06-17 23:37:17	40052c06-43cf-4ed9-be0d-990a24547e06	lampka	test	STATUS_CHANGE	Saturation set to 0.00
2025-06-17 23:37:18	40052c06-43cf-4ed9-be0d-990a24547e06	lampka	test	STATUS_CHANGE	Saturation set to 0.04
2025-06-17 23:37:18	40052c06-43cf-4ed9-be0d-990a24547e06	lampka	test	STATUS_CHANGE	Saturation set to 0.11
2025-06-17 23:37:18	40052c06-43cf-4ed9-be0d-990a24547e06	lampka	test	STATUS_CHANGE	Saturation set to 0.18
2025-06-17 23:37:18	40052c06-43cf-4ed9-be0d-990a24547e06	lampka	test	STATUS_CHANGE	Saturation set to 0.23
2025-06-17 23:37:18	40052c06-43cf-4ed9-be0d-990a24547e06	lampka	test	STATUS_CHANGE	Saturation set to 0.30
2025-06-17 23:37:18	40052c06-43cf-4ed9-be0d-990a24547e06	lampka	test	STATUS_CHANGE	Saturation set to 0.37
2025-06-17 23:37:18	40052c06-43cf-4ed9-be0d-990a24547e06	lampka	test	STATUS_CHANGE	Saturation set to 0.40
2025-06-17 23:37:18	40052c06-43cf-4ed9-be0d-990a24547e06	lampka	test	STATUS_CHANGE	Saturation set to 0.47
2025-06-17 23:37:18	40052c06-43cf-4ed9-be0d-990a24547e06	lampka	test	STATUS_CHANGE	Saturation set to 0.53
2025-06-17 23:37:18	40052c06-43cf-4ed9-be0d-990a24547e06	lampka	test	STATUS_CHANGE	Saturation set to 0.56
2025-06-17 23:37:18	40052c06-43cf-4ed9-be0d-990a24547e06	lampka	test	STATUS_CHANGE	Saturation set to 0.60
2025-06-17 23:37:18	40052c06-43cf-4ed9-be0d-990a24547e06	lampka	test	STATUS_CHANGE	Saturation set to 0.63
2025-06-17 23:37:18	40052c06-43cf-4ed9-be0d-990a24547e06	lampka	test	STATUS_CHANGE	Saturation set to 0.68
2025-06-17 23:37:18	40052c06-43cf-4ed9-be0d-990a24547e06	lampka	test	STATUS_CHANGE	Saturation set to 0.70
2025-06-17 23:37:18	40052c06-43cf-4ed9-be0d-990a24547e06	lampka	test	STATUS_CHANGE	Saturation set to 0.74
2025-06-17 23:37:18	40052c06-43cf-4ed9-be0d-990a24547e06	lampka	test	STATUS_CHANGE	Saturation set to 0.75
2025-06-17 23:37:18	40052c06-43cf-4ed9-be0d-990a24547e06	lampka	test	STATUS_CHANGE	Saturation set to 0.79
2025-06-17 23:37:18	40052c06-43cf-4ed9-be0d-990a24547e06	lampka	test	STATUS_CHANGE	Saturation set to 0.81
2025-06-17 23:37:18	40052c06-43cf-4ed9-be0d-990a24547e06	lampka	test	STATUS_CHANGE	Saturation set to 0.82
2025-06-17 23:37:18	40052c06-43cf-4ed9-be0d-990a24547e06	lampka	test	STATUS_CHANGE	Saturation set to 0.86
2025-06-17 23:37:18	40052c06-43cf-4ed9-be0d-990a24547e06	lampka	test	STATUS_CHANGE	Saturation set to 0.88
2025-06-17 23:37:18	40052c06-43cf-4ed9-be0d-990a24547e06	lampka	test	STATUS_CHANGE	Saturation set to 0.91
2025-06-17 23:37:18	40052c06-43cf-4ed9-be0d-990a24547e06	lampka	test	STATUS_CHANGE	Saturation set to 0.93
2025-06-17 23:37:18	40052c06-43cf-4ed9-be0d-990a24547e06	lampka	test	STATUS_CHANGE	Saturation set to 0.96
2025-06-17 23:37:18	40052c06-43cf-4ed9-be0d-990a24547e06	lampka	test	STATUS_CHANGE	Saturation set to 0.98
2025-06-17 23:37:18	40052c06-43cf-4ed9-be0d-990a24547e06	lampka	test	STATUS_CHANGE	Saturation set to 1.00
2025-06-17 23:37:18	40052c06-43cf-4ed9-be0d-990a24547e06	lampka	test	STATUS_CHANGE	Saturation set to 0.99
2025-06-17 23:37:18	40052c06-43cf-4ed9-be0d-990a24547e06	lampka	test	STATUS_CHANGE	Saturation set to 0.98
2025-06-17 23:37:18	40052c06-43cf-4ed9-be0d-990a24547e06	lampka	test	STATUS_CHANGE	Saturation set to 0.96
2025-06-17 23:37:18	40052c06-43cf-4ed9-be0d-990a24547e06	lampka	test	STATUS_CHANGE	Saturation set to 0.94
2025-06-17 23:37:18	40052c06-43cf-4ed9-be0d-990a24547e06	lampka	test	STATUS_CHANGE	Saturation set to 0.92
2025-06-17 23:37:18	40052c06-43cf-4ed9-be0d-990a24547e06	lampka	test	STATUS_CHANGE	Saturation set to 0.89
2025-06-17 23:37:19	40052c06-43cf-4ed9-be0d-990a24547e06	lampka	test	STATUS_CHANGE	Saturation set to 0.87
2025-06-17 23:37:19	40052c06-43cf-4ed9-be0d-990a24547e06	lampka	test	STATUS_CHANGE	Saturation set to 0.86
2025-06-17 23:37:19	40052c06-43cf-4ed9-be0d-990a24547e06	lampka	test	STATUS_CHANGE	Saturation set to 0.84
2025-06-17 23:37:19	40052c06-43cf-4ed9-be0d-990a24547e06	lampka	test	STATUS_CHANGE	Saturation set to 0.81
2025-06-17 23:37:19	40052c06-43cf-4ed9-be0d-990a24547e06	lampka	test	STATUS_CHANGE	Saturation set to 0.79
2025-06-17 23:37:19	40052c06-43cf-4ed9-be0d-990a24547e06	lampka	test	STATUS_CHANGE	Saturation set to 0.78
2025-06-17 23:37:19	40052c06-43cf-4ed9-be0d-990a24547e06	lampka	test	STATUS_CHANGE	Saturation set to 0.76
2025-06-17 23:37:19	40052c06-43cf-4ed9-be0d-990a24547e06	lampka	test	STATUS_CHANGE	Saturation set to 0.74
2025-06-17 23:37:19	40052c06-43cf-4ed9-be0d-990a24547e06	lampka	test	STATUS_CHANGE	Saturation set to 0.73
2025-06-17 23:37:19	40052c06-43cf-4ed9-be0d-990a24547e06	lampka	test	STATUS_CHANGE	Saturation set to 0.71
2025-06-17 23:37:19	40052c06-43cf-4ed9-be0d-990a24547e06	lampka	test	STATUS_CHANGE	Saturation set to 0.70
2025-06-17 23:37:19	40052c06-43cf-4ed9-be0d-990a24547e06	lampka	test	STATUS_CHANGE	Saturation set to 0.67
2025-06-17 23:37:19	40052c06-43cf-4ed9-be0d-990a24547e06	lampka	test	STATUS_CHANGE	Saturation set to 0.65
2025-06-17 23:37:19	40052c06-43cf-4ed9-be0d-990a24547e06	lampka	test	STATUS_CHANGE	Saturation set to 0.64
2025-06-17 23:37:19	40052c06-43cf-4ed9-be0d-990a24547e06	lampka	test	STATUS_CHANGE	Saturation set to 0.62
2025-06-17 23:37:19	40052c06-43cf-4ed9-be0d-990a24547e06	lampka	test	STATUS_CHANGE	Saturation set to 0.60
2025-06-17 23:37:19	40052c06-43cf-4ed9-be0d-990a24547e06	lampka	test	STATUS_CHANGE	Saturation set to 0.57
2025-06-17 23:37:19	40052c06-43cf-4ed9-be0d-990a24547e06	lampka	test	STATUS_CHANGE	Saturation set to 0.55
2025-06-17 23:37:19	40052c06-43cf-4ed9-be0d-990a24547e06	lampka	test	STATUS_CHANGE	Saturation set to 0.53
2025-06-17 23:37:19	40052c06-43cf-4ed9-be0d-990a24547e06	lampka	test	STATUS_CHANGE	Saturation set to 0.50
2025-06-17 23:37:19	40052c06-43cf-4ed9-be0d-990a24547e06	lampka	test	STATUS_CHANGE	Saturation set to 0.48
2025-06-17 23:37:19	40052c06-43cf-4ed9-be0d-990a24547e06	lampka	test	STATUS_CHANGE	Saturation set to 0.46
2025-06-17 23:37:19	40052c06-43cf-4ed9-be0d-990a24547e06	lampka	test	STATUS_CHANGE	Saturation set to 0.44
2025-06-17 23:37:19	40052c06-43cf-4ed9-be0d-990a24547e06	lampka	test	STATUS_CHANGE	Saturation set to 0.43
2025-06-17 23:37:19	40052c06-43cf-4ed9-be0d-990a24547e06	lampka	test	STATUS_CHANGE	Saturation set to 0.41
2025-06-17 23:37:19	40052c06-43cf-4ed9-be0d-990a24547e06	lampka	test	STATUS_CHANGE	Saturation set to 0.39
2025-06-17 23:37:19	40052c06-43cf-4ed9-be0d-990a24547e06	lampka	test	STATUS_CHANGE	Saturation set to 0.38
2025-06-17 23:37:19	40052c06-43cf-4ed9-be0d-990a24547e06	lampka	test	STATUS_CHANGE	Saturation set to 0.37
2025-06-17 23:37:19	40052c06-43cf-4ed9-be0d-990a24547e06	lampka	test	STATUS_CHANGE	Saturation set to 0.36
2025-06-17 23:37:19	40052c06-43cf-4ed9-be0d-990a24547e06	lampka	test	STATUS_CHANGE	Saturation set to 0.35
2025-06-17 23:37:19	40052c06-43cf-4ed9-be0d-990a24547e06	lampka	test	STATUS_CHANGE	Saturation set to 0.34
2025-06-17 23:37:19	40052c06-43cf-4ed9-be0d-990a24547e06	lampka	test	STATUS_CHANGE	Saturation set to 0.30
2025-06-17 23:37:19	40052c06-43cf-4ed9-be0d-990a24547e06	lampka	test	STATUS_CHANGE	Saturation set to 0.27
2025-06-17 23:37:19	40052c06-43cf-4ed9-be0d-990a24547e06	lampka	test	STATUS_CHANGE	Saturation set to 0.23
2025-06-17 23:37:19	40052c06-43cf-4ed9-be0d-990a24547e06	lampka	test	STATUS_CHANGE	Saturation set to 0.21
2025-06-17 23:37:19	40052c06-43cf-4ed9-be0d-990a24547e06	lampka	test	STATUS_CHANGE	Saturation set to 0.18
2025-06-17 23:37:19	40052c06-43cf-4ed9-be0d-990a24547e06	lampka	test	STATUS_CHANGE	Saturation set to 0.16
2025-06-17 23:37:19	40052c06-43cf-4ed9-be0d-990a24547e06	lampka	test	STATUS_CHANGE	Saturation set to 0.14
2025-06-17 23:37:19	40052c06-43cf-4ed9-be0d-990a24547e06	lampka	test	STATUS_CHANGE	Saturation set to 0.11
2025-06-17 23:37:19	40052c06-43cf-4ed9-be0d-990a24547e06	lampka	test	STATUS_CHANGE	Saturation set to 0.09
2025-06-17 23:37:19	40052c06-43cf-4ed9-be0d-990a24547e06	lampka	test	STATUS_CHANGE	Saturation set to 0.07
2025-06-17 23:37:19	40052c06-43cf-4ed9-be0d-990a24547e06	lampka	test	STATUS_CHANGE	Saturation set to 0.04
2025-06-17 23:37:19	40052c06-43cf-4ed9-be0d-990a24547e06	lampka	test	STATUS_CHANGE	Saturation set to 0.02
2025-06-17 23:37:19	40052c06-43cf-4ed9-be0d-990a24547e06	lampka	test	STATUS_CHANGE	Saturation set to 0.00
2025-06-17 23:37:19	40052c06-43cf-4ed9-be0d-990a24547e06	lampka	test	STATUS_CHANGE	Saturation set to 0.07
2025-06-17 23:37:19	40052c06-43cf-4ed9-be0d-990a24547e06	lampka	test	STATUS_CHANGE	Saturation set to 0.15
2025-06-17 23:37:19	40052c06-43cf-4ed9-be0d-990a24547e06	lampka	test	STATUS_CHANGE	Saturation set to 0.22
2025-06-17 23:37:19	40052c06-43cf-4ed9-be0d-990a24547e06	lampka	test	STATUS_CHANGE	Saturation set to 0.29
2025-06-17 23:37:19	40052c06-43cf-4ed9-be0d-990a24547e06	lampka	test	STATUS_CHANGE	Saturation set to 0.36
2025-06-17 23:37:19	40052c06-43cf-4ed9-be0d-990a24547e06	lampka	test	STATUS_CHANGE	Saturation set to 0.43
2025-06-17 23:37:19	40052c06-43cf-4ed9-be0d-990a24547e06	lampka	test	STATUS_CHANGE	Saturation set to 0.50
2025-06-17 23:37:19	40052c06-43cf-4ed9-be0d-990a24547e06	lampka	test	STATUS_CHANGE	Saturation set to 0.54
2025-06-17 23:37:19	40052c06-43cf-4ed9-be0d-990a24547e06	lampka	test	STATUS_CHANGE	Saturation set to 0.61
2025-06-17 23:37:19	40052c06-43cf-4ed9-be0d-990a24547e06	lampka	test	STATUS_CHANGE	Saturation set to 0.66
2025-06-17 23:37:19	40052c06-43cf-4ed9-be0d-990a24547e06	lampka	test	STATUS_CHANGE	Saturation set to 0.70
2025-06-17 23:37:19	40052c06-43cf-4ed9-be0d-990a24547e06	lampka	test	STATUS_CHANGE	Saturation set to 0.75
2025-06-17 23:37:19	40052c06-43cf-4ed9-be0d-990a24547e06	lampka	test	STATUS_CHANGE	Saturation set to 0.78
2025-06-17 23:37:19	40052c06-43cf-4ed9-be0d-990a24547e06	lampka	test	STATUS_CHANGE	Saturation set to 0.82
2025-06-17 23:37:19	40052c06-43cf-4ed9-be0d-990a24547e06	lampka	test	STATUS_CHANGE	Saturation set to 0.85
2025-06-17 23:37:19	40052c06-43cf-4ed9-be0d-990a24547e06	lampka	test	STATUS_CHANGE	Saturation set to 0.89
2025-06-17 23:37:19	40052c06-43cf-4ed9-be0d-990a24547e06	lampka	test	STATUS_CHANGE	Saturation set to 0.92
2025-06-17 23:37:19	40052c06-43cf-4ed9-be0d-990a24547e06	lampka	test	STATUS_CHANGE	Saturation set to 0.94
2025-06-17 23:37:19	40052c06-43cf-4ed9-be0d-990a24547e06	lampka	test	STATUS_CHANGE	Saturation set to 0.99
2025-06-17 23:37:19	40052c06-43cf-4ed9-be0d-990a24547e06	lampka	test	STATUS_CHANGE	Saturation set to 1.00
2025-06-17 23:37:20	40052c06-43cf-4ed9-be0d-990a24547e06	lampka	test	STATUS_CHANGE	Saturation set to 1.00
2025-06-17 23:43:37	2fda82c9-40e9-4ca6-86df-76062efe7a16	test	salon	DEVICE_ADDED	New Device has been added.
2025-06-17 23:43:47	2fda82c9-40e9-4ca6-86df-76062efe7a16	test	salon	STATUS_CHANGE	Hue set to 30.00
2025-06-17 23:43:47	2fda82c9-40e9-4ca6-86df-76062efe7a16	test	salon	STATUS_CHANGE	Hue set to 31.00
2025-06-17 23:43:47	2fda82c9-40e9-4ca6-86df-76062efe7a16	test	salon	STATUS_CHANGE	Hue set to 32.00
2025-06-17 23:43:47	2fda82c9-40e9-4ca6-86df-76062efe7a16	test	salon	STATUS_CHANGE	Hue set to 33.00
2025-06-17 23:43:47	2fda82c9-40e9-4ca6-86df-76062efe7a16	test	salon	STATUS_CHANGE	Hue set to 34.00
2025-06-17 23:43:47	2fda82c9-40e9-4ca6-86df-76062efe7a16	test	salon	STATUS_CHANGE	Hue set to 35.00
2025-06-17 23:43:47	2fda82c9-40e9-4ca6-86df-76062efe7a16	test	salon	STATUS_CHANGE	Hue set to 36.00
2025-06-17 23:43:47	2fda82c9-40e9-4ca6-86df-76062efe7a16	test	salon	STATUS_CHANGE	Hue set to 37.00
2025-06-17 23:43:47	2fda82c9-40e9-4ca6-86df-76062efe7a16	test	salon	STATUS_CHANGE	Hue set to 38.00
2025-06-17 23:43:48	2fda82c9-40e9-4ca6-86df-76062efe7a16	test	salon	STATUS_CHANGE	Hue set to 39.00
2025-06-17 23:43:48	2fda82c9-40e9-4ca6-86df-76062efe7a16	test	salon	STATUS_CHANGE	Hue set to 39.00
2025-06-17 23:43:48	2fda82c9-40e9-4ca6-86df-76062efe7a16	test	salon	STATUS_CHANGE	Hue set to 39.00
2025-06-17 23:43:48	2fda82c9-40e9-4ca6-86df-76062efe7a16	test	salon	STATUS_CHANGE	Hue set to 47.00
2025-06-17 23:43:48	2fda82c9-40e9-4ca6-86df-76062efe7a16	test	salon	STATUS_CHANGE	Hue set to 52.00
2025-06-17 23:43:48	2fda82c9-40e9-4ca6-86df-76062efe7a16	test	salon	STATUS_CHANGE	Hue set to 56.00
2025-06-17 23:43:48	2fda82c9-40e9-4ca6-86df-76062efe7a16	test	salon	STATUS_CHANGE	Hue set to 61.00
2025-06-17 23:43:48	2fda82c9-40e9-4ca6-86df-76062efe7a16	test	salon	STATUS_CHANGE	Hue set to 73.00
2025-06-17 23:43:48	2fda82c9-40e9-4ca6-86df-76062efe7a16	test	salon	STATUS_CHANGE	Hue set to 81.00
2025-06-17 23:43:48	2fda82c9-40e9-4ca6-86df-76062efe7a16	test	salon	STATUS_CHANGE	Hue set to 86.00
2025-06-17 23:43:48	2fda82c9-40e9-4ca6-86df-76062efe7a16	test	salon	STATUS_CHANGE	Hue set to 93.00
2025-06-17 23:43:48	2fda82c9-40e9-4ca6-86df-76062efe7a16	test	salon	STATUS_CHANGE	Hue set to 99.00
2025-06-17 23:43:48	2fda82c9-40e9-4ca6-86df-76062efe7a16	test	salon	STATUS_CHANGE	Hue set to 106.00
2025-06-17 23:43:48	2fda82c9-40e9-4ca6-86df-76062efe7a16	test	salon	STATUS_CHANGE	Hue set to 111.00
2025-06-17 23:43:48	2fda82c9-40e9-4ca6-86df-76062efe7a16	test	salon	STATUS_CHANGE	Hue set to 124.00
2025-06-17 23:43:48	2fda82c9-40e9-4ca6-86df-76062efe7a16	test	salon	STATUS_CHANGE	Hue set to 131.00
2025-06-17 23:43:48	2fda82c9-40e9-4ca6-86df-76062efe7a16	test	salon	STATUS_CHANGE	Hue set to 136.00
2025-06-17 23:43:48	2fda82c9-40e9-4ca6-86df-76062efe7a16	test	salon	STATUS_CHANGE	Hue set to 143.00
2025-06-17 23:43:48	2fda82c9-40e9-4ca6-86df-76062efe7a16	test	salon	STATUS_CHANGE	Hue set to 149.00
2025-06-17 23:43:48	2fda82c9-40e9-4ca6-86df-76062efe7a16	test	salon	STATUS_CHANGE	Hue set to 156.00
2025-06-17 23:43:48	2fda82c9-40e9-4ca6-86df-76062efe7a16	test	salon	STATUS_CHANGE	Hue set to 168.00
2025-06-17 23:43:48	2fda82c9-40e9-4ca6-86df-76062efe7a16	test	salon	STATUS_CHANGE	Hue set to 174.00
2025-06-17 23:43:48	2fda82c9-40e9-4ca6-86df-76062efe7a16	test	salon	STATUS_CHANGE	Hue set to 181.00
2025-06-17 23:43:48	2fda82c9-40e9-4ca6-86df-76062efe7a16	test	salon	STATUS_CHANGE	Hue set to 186.00
2025-06-17 23:43:48	2fda82c9-40e9-4ca6-86df-76062efe7a16	test	salon	STATUS_CHANGE	Hue set to 192.00
2025-06-17 23:43:48	2fda82c9-40e9-4ca6-86df-76062efe7a16	test	salon	STATUS_CHANGE	Hue set to 197.00
2025-06-17 23:43:48	2fda82c9-40e9-4ca6-86df-76062efe7a16	test	salon	STATUS_CHANGE	Hue set to 201.00
2025-06-17 23:43:49	2fda82c9-40e9-4ca6-86df-76062efe7a16	test	salon	STATUS_CHANGE	Hue set to 204.00
2025-06-17 23:43:49	2fda82c9-40e9-4ca6-86df-76062efe7a16	test	salon	STATUS_CHANGE	Hue set to 193.00
2025-06-17 23:43:49	2fda82c9-40e9-4ca6-86df-76062efe7a16	test	salon	STATUS_CHANGE	Hue set to 129.00
2025-06-17 23:43:49	2fda82c9-40e9-4ca6-86df-76062efe7a16	test	salon	STATUS_CHANGE	Hue set to 90.00
2025-06-17 23:43:49	2fda82c9-40e9-4ca6-86df-76062efe7a16	test	salon	STATUS_CHANGE	Hue set to 63.00
2025-06-17 23:43:49	2fda82c9-40e9-4ca6-86df-76062efe7a16	test	salon	STATUS_CHANGE	Hue set to 32.00
2025-06-17 23:43:49	2fda82c9-40e9-4ca6-86df-76062efe7a16	test	salon	STATUS_CHANGE	Hue set to 0.00
2025-06-17 23:43:49	2fda82c9-40e9-4ca6-86df-76062efe7a16	test	salon	STATUS_CHANGE	Hue set to 9.00
2025-06-17 23:43:49	2fda82c9-40e9-4ca6-86df-76062efe7a16	test	salon	STATUS_CHANGE	Hue set to 39.00
2025-06-17 23:43:49	2fda82c9-40e9-4ca6-86df-76062efe7a16	test	salon	STATUS_CHANGE	Hue set to 64.00
2025-06-17 23:43:49	2fda82c9-40e9-4ca6-86df-76062efe7a16	test	salon	STATUS_CHANGE	Hue set to 90.00
2025-06-17 23:43:49	2fda82c9-40e9-4ca6-86df-76062efe7a16	test	salon	STATUS_CHANGE	Hue set to 115.00
2025-06-17 23:43:49	2fda82c9-40e9-4ca6-86df-76062efe7a16	test	salon	STATUS_CHANGE	Hue set to 134.00
2025-06-17 23:43:49	2fda82c9-40e9-4ca6-86df-76062efe7a16	test	salon	STATUS_CHANGE	Hue set to 152.00
2025-06-17 23:43:49	2fda82c9-40e9-4ca6-86df-76062efe7a16	test	salon	STATUS_CHANGE	Hue set to 172.00
2025-06-17 23:43:49	2fda82c9-40e9-4ca6-86df-76062efe7a16	test	salon	STATUS_CHANGE	Hue set to 190.00
2025-06-17 23:43:49	2fda82c9-40e9-4ca6-86df-76062efe7a16	test	salon	STATUS_CHANGE	Hue set to 202.00
2025-06-17 23:43:49	2fda82c9-40e9-4ca6-86df-76062efe7a16	test	salon	STATUS_CHANGE	Hue set to 222.00
2025-06-17 23:43:49	2fda82c9-40e9-4ca6-86df-76062efe7a16	test	salon	STATUS_CHANGE	Hue set to 240.00
2025-06-17 23:43:49	2fda82c9-40e9-4ca6-86df-76062efe7a16	test	salon	STATUS_CHANGE	Hue set to 253.00
2025-06-17 23:43:49	2fda82c9-40e9-4ca6-86df-76062efe7a16	test	salon	STATUS_CHANGE	Hue set to 272.00
2025-06-17 23:43:49	2fda82c9-40e9-4ca6-86df-76062efe7a16	test	salon	STATUS_CHANGE	Hue set to 290.00
2025-06-17 23:43:49	2fda82c9-40e9-4ca6-86df-76062efe7a16	test	salon	STATUS_CHANGE	Hue set to 303.00
2025-06-17 23:43:49	2fda82c9-40e9-4ca6-86df-76062efe7a16	test	salon	STATUS_CHANGE	Hue set to 322.00
2025-06-17 23:43:49	2fda82c9-40e9-4ca6-86df-76062efe7a16	test	salon	STATUS_CHANGE	Hue set to 335.00
2025-06-17 23:43:49	2fda82c9-40e9-4ca6-86df-76062efe7a16	test	salon	STATUS_CHANGE	Hue set to 353.00
2025-06-17 23:43:49	2fda82c9-40e9-4ca6-86df-76062efe7a16	test	salon	STATUS_CHANGE	Hue set to 360.00
2025-06-17 23:43:49	2fda82c9-40e9-4ca6-86df-76062efe7a16	test	salon	STATUS_CHANGE	Hue set to 360.00
2025-06-17 23:43:51	2fda82c9-40e9-4ca6-86df-76062efe7a16	test	salon	STATUS_CHANGE	Saturation set to 0.01
2025-06-17 23:43:51	2fda82c9-40e9-4ca6-86df-76062efe7a16	test	salon	STATUS_CHANGE	Saturation set to 0.07
2025-06-17 23:43:51	2fda82c9-40e9-4ca6-86df-76062efe7a16	test	salon	STATUS_CHANGE	Saturation set to 0.11
2025-06-17 23:43:51	2fda82c9-40e9-4ca6-86df-76062efe7a16	test	salon	STATUS_CHANGE	Saturation set to 0.14
2025-06-17 23:43:51	2fda82c9-40e9-4ca6-86df-76062efe7a16	test	salon	STATUS_CHANGE	Saturation set to 0.20
2025-06-17 23:43:51	2fda82c9-40e9-4ca6-86df-76062efe7a16	test	salon	STATUS_CHANGE	Saturation set to 0.23
2025-06-17 23:43:51	2fda82c9-40e9-4ca6-86df-76062efe7a16	test	salon	STATUS_CHANGE	Saturation set to 0.28
2025-06-17 23:43:51	2fda82c9-40e9-4ca6-86df-76062efe7a16	test	salon	STATUS_CHANGE	Saturation set to 0.32
2025-06-17 23:43:51	2fda82c9-40e9-4ca6-86df-76062efe7a16	test	salon	STATUS_CHANGE	Saturation set to 0.35
2025-06-17 23:43:51	2fda82c9-40e9-4ca6-86df-76062efe7a16	test	salon	STATUS_CHANGE	Saturation set to 0.39
2025-06-17 23:43:51	2fda82c9-40e9-4ca6-86df-76062efe7a16	test	salon	STATUS_CHANGE	Saturation set to 0.42
2025-06-17 23:43:51	2fda82c9-40e9-4ca6-86df-76062efe7a16	test	salon	STATUS_CHANGE	Saturation set to 0.46
2025-06-17 23:43:51	2fda82c9-40e9-4ca6-86df-76062efe7a16	test	salon	STATUS_CHANGE	Saturation set to 0.49
2025-06-17 23:43:51	2fda82c9-40e9-4ca6-86df-76062efe7a16	test	salon	STATUS_CHANGE	Saturation set to 0.53
2025-06-17 23:43:51	2fda82c9-40e9-4ca6-86df-76062efe7a16	test	salon	STATUS_CHANGE	Saturation set to 0.54
2025-06-17 23:43:51	2fda82c9-40e9-4ca6-86df-76062efe7a16	test	salon	STATUS_CHANGE	Saturation set to 0.56
2025-06-17 23:43:51	2fda82c9-40e9-4ca6-86df-76062efe7a16	test	salon	STATUS_CHANGE	Saturation set to 0.58
2025-06-17 23:43:51	2fda82c9-40e9-4ca6-86df-76062efe7a16	test	salon	STATUS_CHANGE	Saturation set to 0.60
2025-06-17 23:43:52	2fda82c9-40e9-4ca6-86df-76062efe7a16	test	salon	STATUS_CHANGE	Saturation set to 0.61
2025-06-17 23:43:52	2fda82c9-40e9-4ca6-86df-76062efe7a16	test	salon	STATUS_CHANGE	Saturation set to 0.63
2025-06-17 23:43:52	2fda82c9-40e9-4ca6-86df-76062efe7a16	test	salon	STATUS_CHANGE	Saturation set to 0.65
2025-06-17 23:43:52	2fda82c9-40e9-4ca6-86df-76062efe7a16	test	salon	STATUS_CHANGE	Saturation set to 0.67
2025-06-17 23:43:52	2fda82c9-40e9-4ca6-86df-76062efe7a16	test	salon	STATUS_CHANGE	Saturation set to 0.68
2025-06-17 23:43:52	2fda82c9-40e9-4ca6-86df-76062efe7a16	test	salon	STATUS_CHANGE	Saturation set to 0.70
2025-06-17 23:43:52	2fda82c9-40e9-4ca6-86df-76062efe7a16	test	salon	STATUS_CHANGE	Saturation set to 0.72
2025-06-17 23:43:52	2fda82c9-40e9-4ca6-86df-76062efe7a16	test	salon	STATUS_CHANGE	Saturation set to 0.74
2025-06-17 23:43:52	2fda82c9-40e9-4ca6-86df-76062efe7a16	test	salon	STATUS_CHANGE	Saturation set to 0.75
2025-06-17 23:43:52	2fda82c9-40e9-4ca6-86df-76062efe7a16	test	salon	STATUS_CHANGE	Saturation set to 0.77
2025-06-17 23:43:52	2fda82c9-40e9-4ca6-86df-76062efe7a16	test	salon	STATUS_CHANGE	Saturation set to 0.79
2025-06-17 23:43:52	2fda82c9-40e9-4ca6-86df-76062efe7a16	test	salon	STATUS_CHANGE	Saturation set to 0.80
2025-06-17 23:43:52	2fda82c9-40e9-4ca6-86df-76062efe7a16	test	salon	STATUS_CHANGE	Saturation set to 0.82
2025-06-17 23:43:52	2fda82c9-40e9-4ca6-86df-76062efe7a16	test	salon	STATUS_CHANGE	Saturation set to 0.81
2025-06-17 23:43:52	2fda82c9-40e9-4ca6-86df-76062efe7a16	test	salon	STATUS_CHANGE	Saturation set to 0.78
2025-06-17 23:43:52	2fda82c9-40e9-4ca6-86df-76062efe7a16	test	salon	STATUS_CHANGE	Saturation set to 0.71
2025-06-17 23:43:52	2fda82c9-40e9-4ca6-86df-76062efe7a16	test	salon	STATUS_CHANGE	Saturation set to 0.65
2025-06-17 23:43:52	2fda82c9-40e9-4ca6-86df-76062efe7a16	test	salon	STATUS_CHANGE	Saturation set to 0.58
2025-06-17 23:43:52	2fda82c9-40e9-4ca6-86df-76062efe7a16	test	salon	STATUS_CHANGE	Saturation set to 0.55
2025-06-17 23:43:52	2fda82c9-40e9-4ca6-86df-76062efe7a16	test	salon	STATUS_CHANGE	Saturation set to 0.50
2025-06-17 23:43:52	2fda82c9-40e9-4ca6-86df-76062efe7a16	test	salon	STATUS_CHANGE	Saturation set to 0.48
2025-06-17 23:43:52	2fda82c9-40e9-4ca6-86df-76062efe7a16	test	salon	STATUS_CHANGE	Saturation set to 0.44
2025-06-17 23:43:52	2fda82c9-40e9-4ca6-86df-76062efe7a16	test	salon	STATUS_CHANGE	Saturation set to 0.39
2025-06-17 23:43:52	2fda82c9-40e9-4ca6-86df-76062efe7a16	test	salon	STATUS_CHANGE	Saturation set to 0.37
2025-06-17 23:43:52	2fda82c9-40e9-4ca6-86df-76062efe7a16	test	salon	STATUS_CHANGE	Saturation set to 0.34
2025-06-17 23:43:52	2fda82c9-40e9-4ca6-86df-76062efe7a16	test	salon	STATUS_CHANGE	Saturation set to 0.32
2025-06-17 23:43:52	2fda82c9-40e9-4ca6-86df-76062efe7a16	test	salon	STATUS_CHANGE	Saturation set to 0.29
2025-06-17 23:43:52	2fda82c9-40e9-4ca6-86df-76062efe7a16	test	salon	STATUS_CHANGE	Saturation set to 0.27
2025-06-17 23:43:52	2fda82c9-40e9-4ca6-86df-76062efe7a16	test	salon	STATUS_CHANGE	Saturation set to 0.23
2025-06-17 23:43:52	2fda82c9-40e9-4ca6-86df-76062efe7a16	test	salon	STATUS_CHANGE	Saturation set to 0.22
2025-06-17 23:43:52	2fda82c9-40e9-4ca6-86df-76062efe7a16	test	salon	STATUS_CHANGE	Saturation set to 0.20
2025-06-17 23:43:52	2fda82c9-40e9-4ca6-86df-76062efe7a16	test	salon	STATUS_CHANGE	Saturation set to 0.18
2025-06-17 23:43:52	2fda82c9-40e9-4ca6-86df-76062efe7a16	test	salon	STATUS_CHANGE	Saturation set to 0.16
2025-06-17 23:43:52	2fda82c9-40e9-4ca6-86df-76062efe7a16	test	salon	STATUS_CHANGE	Saturation set to 0.15
2025-06-17 23:43:52	2fda82c9-40e9-4ca6-86df-76062efe7a16	test	salon	STATUS_CHANGE	Saturation set to 0.13
2025-06-17 23:43:52	2fda82c9-40e9-4ca6-86df-76062efe7a16	test	salon	STATUS_CHANGE	Saturation set to 0.12
2025-06-17 23:43:52	2fda82c9-40e9-4ca6-86df-76062efe7a16	test	salon	STATUS_CHANGE	Saturation set to 0.10
2025-06-17 23:43:52	2fda82c9-40e9-4ca6-86df-76062efe7a16	test	salon	STATUS_CHANGE	Saturation set to 0.09
2025-06-17 23:43:52	2fda82c9-40e9-4ca6-86df-76062efe7a16	test	salon	STATUS_CHANGE	Saturation set to 0.10
2025-06-17 23:43:52	2fda82c9-40e9-4ca6-86df-76062efe7a16	test	salon	STATUS_CHANGE	Saturation set to 0.13
2025-06-17 23:43:52	2fda82c9-40e9-4ca6-86df-76062efe7a16	test	salon	STATUS_CHANGE	Saturation set to 0.19
2025-06-17 23:43:52	2fda82c9-40e9-4ca6-86df-76062efe7a16	test	salon	STATUS_CHANGE	Saturation set to 0.24
2025-06-17 23:43:52	2fda82c9-40e9-4ca6-86df-76062efe7a16	test	salon	STATUS_CHANGE	Saturation set to 0.29
2025-06-17 23:43:52	2fda82c9-40e9-4ca6-86df-76062efe7a16	test	salon	STATUS_CHANGE	Saturation set to 0.33
2025-06-17 23:43:52	2fda82c9-40e9-4ca6-86df-76062efe7a16	test	salon	STATUS_CHANGE	Saturation set to 0.36
2025-06-17 23:43:52	2fda82c9-40e9-4ca6-86df-76062efe7a16	test	salon	STATUS_CHANGE	Saturation set to 0.40
2025-06-17 23:43:52	2fda82c9-40e9-4ca6-86df-76062efe7a16	test	salon	STATUS_CHANGE	Saturation set to 0.41
2025-06-17 23:43:52	2fda82c9-40e9-4ca6-86df-76062efe7a16	test	salon	STATUS_CHANGE	Saturation set to 0.43
2025-06-17 23:43:52	2fda82c9-40e9-4ca6-86df-76062efe7a16	test	salon	STATUS_CHANGE	Saturation set to 0.45
2025-06-17 23:43:52	2fda82c9-40e9-4ca6-86df-76062efe7a16	test	salon	STATUS_CHANGE	Saturation set to 0.46
2025-06-17 23:43:52	2fda82c9-40e9-4ca6-86df-76062efe7a16	test	salon	STATUS_CHANGE	Saturation set to 0.47
2025-06-17 23:43:52	2fda82c9-40e9-4ca6-86df-76062efe7a16	test	salon	STATUS_CHANGE	Saturation set to 0.48
2025-06-17 23:43:52	2fda82c9-40e9-4ca6-86df-76062efe7a16	test	salon	STATUS_CHANGE	Saturation set to 0.49
2025-06-17 23:43:52	2fda82c9-40e9-4ca6-86df-76062efe7a16	test	salon	STATUS_CHANGE	Saturation set to 0.51
2025-06-17 23:43:53	2fda82c9-40e9-4ca6-86df-76062efe7a16	test	salon	STATUS_CHANGE	Saturation set to 0.53
2025-06-17 23:43:53	2fda82c9-40e9-4ca6-86df-76062efe7a16	test	salon	STATUS_CHANGE	Saturation set to 0.56
2025-06-17 23:43:53	2fda82c9-40e9-4ca6-86df-76062efe7a16	test	salon	STATUS_CHANGE	Saturation set to 0.60
2025-06-17 23:43:53	2fda82c9-40e9-4ca6-86df-76062efe7a16	test	salon	STATUS_CHANGE	Saturation set to 0.61
2025-06-17 23:43:53	2fda82c9-40e9-4ca6-86df-76062efe7a16	test	salon	STATUS_CHANGE	Saturation set to 0.65
2025-06-17 23:43:53	2fda82c9-40e9-4ca6-86df-76062efe7a16	test	salon	STATUS_CHANGE	Saturation set to 0.67
2025-06-17 23:43:53	2fda82c9-40e9-4ca6-86df-76062efe7a16	test	salon	STATUS_CHANGE	Saturation set to 0.68
2025-06-17 23:43:53	2fda82c9-40e9-4ca6-86df-76062efe7a16	test	salon	STATUS_CHANGE	Saturation set to 0.70
2025-06-17 23:43:53	2fda82c9-40e9-4ca6-86df-76062efe7a16	test	salon	STATUS_CHANGE	Saturation set to 0.72
2025-06-17 23:43:53	2fda82c9-40e9-4ca6-86df-76062efe7a16	test	salon	STATUS_CHANGE	Saturation set to 0.73
2025-06-17 23:43:53	2fda82c9-40e9-4ca6-86df-76062efe7a16	test	salon	STATUS_CHANGE	Saturation set to 0.74
2025-06-17 23:43:53	2fda82c9-40e9-4ca6-86df-76062efe7a16	test	salon	STATUS_CHANGE	Saturation set to 0.75
2025-06-17 23:43:53	2fda82c9-40e9-4ca6-86df-76062efe7a16	test	salon	STATUS_CHANGE	Saturation set to 0.76
2025-06-17 23:43:53	2fda82c9-40e9-4ca6-86df-76062efe7a16	test	salon	STATUS_CHANGE	Saturation set to 0.78
2025-06-17 23:43:53	2fda82c9-40e9-4ca6-86df-76062efe7a16	test	salon	STATUS_CHANGE	Saturation set to 0.79
2025-06-17 23:43:53	2fda82c9-40e9-4ca6-86df-76062efe7a16	test	salon	STATUS_CHANGE	Saturation set to 0.80
2025-06-17 23:43:53	2fda82c9-40e9-4ca6-86df-76062efe7a16	test	salon	STATUS_CHANGE	Saturation set to 0.81
2025-06-17 23:43:53	2fda82c9-40e9-4ca6-86df-76062efe7a16	test	salon	STATUS_CHANGE	Saturation set to 0.82
2025-06-17 23:43:53	2fda82c9-40e9-4ca6-86df-76062efe7a16	test	salon	STATUS_CHANGE	Saturation set to 0.83
2025-06-17 23:43:53	2fda82c9-40e9-4ca6-86df-76062efe7a16	test	salon	STATUS_CHANGE	Saturation set to 0.85
2025-06-17 23:43:53	2fda82c9-40e9-4ca6-86df-76062efe7a16	test	salon	STATUS_CHANGE	Saturation set to 0.88
2025-06-17 23:43:53	2fda82c9-40e9-4ca6-86df-76062efe7a16	test	salon	STATUS_CHANGE	Saturation set to 0.90
2025-06-17 23:43:53	2fda82c9-40e9-4ca6-86df-76062efe7a16	test	salon	STATUS_CHANGE	Saturation set to 0.91
2025-06-17 23:43:53	2fda82c9-40e9-4ca6-86df-76062efe7a16	test	salon	STATUS_CHANGE	Saturation set to 0.93
2025-06-17 23:43:53	2fda82c9-40e9-4ca6-86df-76062efe7a16	test	salon	STATUS_CHANGE	Saturation set to 0.95
2025-06-17 23:43:53	2fda82c9-40e9-4ca6-86df-76062efe7a16	test	salon	STATUS_CHANGE	Saturation set to 0.97
2025-06-17 23:43:53	2fda82c9-40e9-4ca6-86df-76062efe7a16	test	salon	STATUS_CHANGE	Saturation set to 0.98
2025-06-17 23:43:53	2fda82c9-40e9-4ca6-86df-76062efe7a16	test	salon	STATUS_CHANGE	Saturation set to 1.00
2025-06-17 23:43:53	2fda82c9-40e9-4ca6-86df-76062efe7a16	test	salon	STATUS_CHANGE	Saturation set to 0.93
2025-06-17 23:43:53	2fda82c9-40e9-4ca6-86df-76062efe7a16	test	salon	STATUS_CHANGE	Saturation set to 0.88
2025-06-17 23:43:53	2fda82c9-40e9-4ca6-86df-76062efe7a16	test	salon	STATUS_CHANGE	Saturation set to 0.83
2025-06-17 23:43:53	2fda82c9-40e9-4ca6-86df-76062efe7a16	test	salon	STATUS_CHANGE	Saturation set to 0.76
2025-06-17 23:43:53	2fda82c9-40e9-4ca6-86df-76062efe7a16	test	salon	STATUS_CHANGE	Saturation set to 0.69
2025-06-17 23:43:53	2fda82c9-40e9-4ca6-86df-76062efe7a16	test	salon	STATUS_CHANGE	Saturation set to 0.65
2025-06-17 23:43:53	2fda82c9-40e9-4ca6-86df-76062efe7a16	test	salon	STATUS_CHANGE	Saturation set to 0.60
2025-06-17 23:43:53	2fda82c9-40e9-4ca6-86df-76062efe7a16	test	salon	STATUS_CHANGE	Saturation set to 0.57
2025-06-17 23:43:53	2fda82c9-40e9-4ca6-86df-76062efe7a16	test	salon	STATUS_CHANGE	Saturation set to 0.53
2025-06-17 23:43:53	2fda82c9-40e9-4ca6-86df-76062efe7a16	test	salon	STATUS_CHANGE	Saturation set to 0.50
2025-06-17 23:43:53	2fda82c9-40e9-4ca6-86df-76062efe7a16	test	salon	STATUS_CHANGE	Saturation set to 0.48
2025-06-17 23:43:53	2fda82c9-40e9-4ca6-86df-76062efe7a16	test	salon	STATUS_CHANGE	Saturation set to 0.46
2025-06-17 23:43:53	2fda82c9-40e9-4ca6-86df-76062efe7a16	test	salon	STATUS_CHANGE	Saturation set to 0.44
2025-06-17 23:43:53	2fda82c9-40e9-4ca6-86df-76062efe7a16	test	salon	STATUS_CHANGE	Saturation set to 0.41
2025-06-17 23:43:53	2fda82c9-40e9-4ca6-86df-76062efe7a16	test	salon	STATUS_CHANGE	Saturation set to 0.37
2025-06-17 23:43:53	2fda82c9-40e9-4ca6-86df-76062efe7a16	test	salon	STATUS_CHANGE	Saturation set to 0.36
2025-06-17 23:43:53	2fda82c9-40e9-4ca6-86df-76062efe7a16	test	salon	STATUS_CHANGE	Saturation set to 0.32
2025-06-17 23:43:53	2fda82c9-40e9-4ca6-86df-76062efe7a16	test	salon	STATUS_CHANGE	Saturation set to 0.29
2025-06-17 23:43:53	2fda82c9-40e9-4ca6-86df-76062efe7a16	test	salon	STATUS_CHANGE	Saturation set to 0.27
2025-06-17 23:43:53	2fda82c9-40e9-4ca6-86df-76062efe7a16	test	salon	STATUS_CHANGE	Saturation set to 0.25
2025-06-17 23:43:53	2fda82c9-40e9-4ca6-86df-76062efe7a16	test	salon	STATUS_CHANGE	Saturation set to 0.23
2025-06-17 23:43:53	2fda82c9-40e9-4ca6-86df-76062efe7a16	test	salon	STATUS_CHANGE	Saturation set to 0.22
2025-06-17 23:43:53	2fda82c9-40e9-4ca6-86df-76062efe7a16	test	salon	STATUS_CHANGE	Saturation set to 0.20
2025-06-17 23:43:54	2fda82c9-40e9-4ca6-86df-76062efe7a16	test	salon	STATUS_CHANGE	Saturation set to 0.18
2025-06-17 23:43:54	2fda82c9-40e9-4ca6-86df-76062efe7a16	test	salon	STATUS_CHANGE	Saturation set to 0.16
2025-06-17 23:43:54	2fda82c9-40e9-4ca6-86df-76062efe7a16	test	salon	STATUS_CHANGE	Saturation set to 0.15
2025-06-17 23:43:54	2fda82c9-40e9-4ca6-86df-76062efe7a16	test	salon	STATUS_CHANGE	Saturation set to 0.13
2025-06-17 23:43:54	2fda82c9-40e9-4ca6-86df-76062efe7a16	test	salon	STATUS_CHANGE	Saturation set to 0.09
2025-06-17 23:43:54	2fda82c9-40e9-4ca6-86df-76062efe7a16	test	salon	STATUS_CHANGE	Saturation set to 0.08
2025-06-17 23:43:54	2fda82c9-40e9-4ca6-86df-76062efe7a16	test	salon	STATUS_CHANGE	Saturation set to 0.05
2025-06-17 23:43:54	2fda82c9-40e9-4ca6-86df-76062efe7a16	test	salon	STATUS_CHANGE	Saturation set to 0.03
2025-06-17 23:43:54	2fda82c9-40e9-4ca6-86df-76062efe7a16	test	salon	STATUS_CHANGE	Saturation set to 0.01
2025-06-17 23:43:54	2fda82c9-40e9-4ca6-86df-76062efe7a16	test	salon	STATUS_CHANGE	Saturation set to 0.00
2025-06-17 23:43:54	2fda82c9-40e9-4ca6-86df-76062efe7a16	test	salon	STATUS_CHANGE	Saturation set to 0.10
2025-06-17 23:43:54	2fda82c9-40e9-4ca6-86df-76062efe7a16	test	salon	STATUS_CHANGE	Saturation set to 0.22
2025-06-17 23:43:54	2fda82c9-40e9-4ca6-86df-76062efe7a16	test	salon	STATUS_CHANGE	Saturation set to 0.36
2025-06-17 23:43:54	2fda82c9-40e9-4ca6-86df-76062efe7a16	test	salon	STATUS_CHANGE	Saturation set to 0.48
2025-06-17 23:43:54	2fda82c9-40e9-4ca6-86df-76062efe7a16	test	salon	STATUS_CHANGE	Saturation set to 0.59
2025-06-17 23:43:54	2fda82c9-40e9-4ca6-86df-76062efe7a16	test	salon	STATUS_CHANGE	Saturation set to 0.69
2025-06-17 23:43:54	2fda82c9-40e9-4ca6-86df-76062efe7a16	test	salon	STATUS_CHANGE	Saturation set to 0.78
2025-06-17 23:43:54	2fda82c9-40e9-4ca6-86df-76062efe7a16	test	salon	STATUS_CHANGE	Saturation set to 0.88
2025-06-17 23:43:54	2fda82c9-40e9-4ca6-86df-76062efe7a16	test	salon	STATUS_CHANGE	Saturation set to 0.95
2025-06-17 23:43:54	2fda82c9-40e9-4ca6-86df-76062efe7a16	test	salon	STATUS_CHANGE	Saturation set to 1.00
2025-06-17 23:43:54	2fda82c9-40e9-4ca6-86df-76062efe7a16	test	salon	STATUS_CHANGE	Saturation set to 1.00
2025-06-17 23:44:00	2fda82c9-40e9-4ca6-86df-76062efe7a16	test	salon	SIMULATION_STATUS	test simulation started.
2025-06-17 23:44:00	2fda82c9-40e9-4ca6-86df-76062efe7a16	test	salon	SIMULATION_STATUS	Simulation started
2025-06-17 23:44:00	2fda82c9-40e9-4ca6-86df-76062efe7a16	test	salon	SIMULATION_ACTION	*LightBulb is glowing*
2025-06-17 23:44:05	2fda82c9-40e9-4ca6-86df-76062efe7a16	test	salon	STATUS_CHANGE	Turned OFF
